{"min_vals": {"op_setting_1": -0.0088996753036143, "op_setting_2": -0.0003997898588435, "op_setting_3": 0.0, "sensor_2": 628.5999, "sensor_3": 1555.4508, "sensor_4": 1371.3755, "sensor_7": 542.7054, "sensor_8": 2335.3365, "sensor_9": 8852.9564, "sensor_11": 46.487, "sensor_12": 509.8402, "sensor_13": 2338.3113, "sensor_14": 7969.6371, "sensor_15": 8.2419, "sensor_17": 383.6086, "sensor_20": 38.2488, "sensor_21": 22.9083, "sensor_2_rolling_mean_5": 629.5584, "sensor_3_rolling_mean_5": 1557.4014, "sensor_4_rolling_mean_5": 1373.5987, "sensor_7_rolling_mean_5": 543.1134, "sensor_8_rolling_mean_5": 2335.3365, "sensor_9_rolling_mean_5": 8861.9998, "sensor_11_rolling_mean_5": 46.5629, "sensor_12_rolling_mean_5": 511.8119, "sensor_13_rolling_mean_5": 2340.7062, "sensor_14_rolling_mean_5": 7976.1632, "sensor_15_rolling_mean_5": 8.2419, "sensor_17_rolling_mean_5": 384.5243, "sensor_20_rolling_mean_5": 38.2803, "sensor_21_rolling_mean_5": 22.9834, "sensor_2_rolling_std_5": 0.0, "sensor_3_rolling_std_5": 0.0, "sensor_4_rolling_std_5": 0.0, "sensor_7_rolling_std_5": 0.0, "sensor_8_rolling_std_5": 0.0, "sensor_9_rolling_std_5": 0.0, "sensor_11_rolling_std_5": 0.0, "sensor_12_rolling_std_5": 0.0, "sensor_13_rolling_std_5": 0.0, "sensor_14_rolling_std_5": 0.0, "sensor_15_rolling_std_5": 0.0, "sensor_17_rolling_std_5": 0.0, "sensor_20_rolling_std_5": 0.0, "sensor_21_rolling_std_5": 0.0, "sensor_2_rolling_mean_10": 629.5584, "sensor_3_rolling_mean_10": 1557.4014, "sensor_4_rolling_mean_10": 1373.5987, "sensor_7_rolling_mean_10": 543.1134, "sensor_8_rolling_mean_10": 2335.3365, "sensor_9_rolling_mean_10": 8861.9998, "sensor_11_rolling_mean_10": 46.5629, "sensor_12_rolling_mean_10": 511.8119, "sensor_13_rolling_mean_10": 2340.7062, "sensor_14_rolling_mean_10": 7976.1632, "sensor_15_rolling_mean_10": 8.2419, "sensor_17_rolling_mean_10": 384.5243, "sensor_20_rolling_mean_10": 38.2803, "sensor_21_rolling_mean_10": 22.9834, "sensor_2_rolling_std_10": 0.0, "sensor_3_rolling_std_10": 0.0, "sensor_4_rolling_std_10": 0.0, "sensor_7_rolling_std_10": 0.0, "sensor_8_rolling_std_10": 0.0, "sensor_9_rolling_std_10": 0.0, "sensor_11_rolling_std_10": 0.0, "sensor_12_rolling_std_10": 0.0, "sensor_13_rolling_std_10": 0.0, "sensor_14_rolling_std_10": 0.0, "sensor_15_rolling_std_10": 0.0, "sensor_17_rolling_std_10": 0.0, "sensor_20_rolling_std_10": 0.0, "sensor_21_rolling_std_10": 0.0, "sensor_2_rolling_mean_20": 629.5584, "sensor_3_rolling_mean_20": 1557.4014, "sensor_4_rolling_mean_20": 1373.5987, "sensor_7_rolling_mean_20": 543.1134, "sensor_8_rolling_mean_20": 2335.3365, "sensor_9_rolling_mean_20": 8861.9998, "sensor_11_rolling_mean_20": 46.5629, "sensor_12_rolling_mean_20": 511.8119, "sensor_13_rolling_mean_20": 2340.7062, "sensor_14_rolling_mean_20": 7976.1632, "sensor_15_rolling_mean_20": 8.2419, "sensor_17_rolling_mean_20": 384.5243, "sensor_20_rolling_mean_20": 38.2803, "sensor_21_rolling_mean_20": 22.9834, "sensor_2_rolling_std_20": 0.0, "sensor_3_rolling_std_20": 0.0, "sensor_4_rolling_std_20": 0.0, "sensor_7_rolling_std_20": 0.0, "sensor_8_rolling_std_20": 0.0, "sensor_9_rolling_std_20": 0.0, "sensor_11_rolling_std_20": 0.0, "sensor_12_rolling_std_20": 0.0, "sensor_13_rolling_std_20": 0.0, "sensor_14_rolling_std_20": 0.0, "sensor_15_rolling_std_20": 0.0, "sensor_17_rolling_std_20": 0.0, "sensor_20_rolling_std_20": 0.0, "sensor_21_rolling_std_20": 0.0}, "max_vals": {"op_setting_1": 0.0086980739375125, "op_setting_2": 0.0006998439953334, "op_setting_3": 100.0, "sensor_2": 646.1185, "sensor_3": 1598.5593, "sensor_4": 1408.6454, "sensor_7": 557.712, "sensor_8": 2401.1463, "sensor_9": 9103.6848, "sensor_11": 47.8004, "sensor_12": 524.6408, "sensor_13": 2403.2227, "sensor_14": 8192.0094, "sensor_15": 8.4728, "sensor_17": 394.5384, "sensor_20": 39.276, "sensor_21": 23.5415, "sensor_2_rolling_mean_5": 643.67984, "sensor_3_rolling_mean_5": 1593.16492, "sensor_4_rolling_mean_5": 1403.87268, "sensor_7_rolling_mean_5": 555.7776200000001, "sensor_8_rolling_mean_5": 2393.3439599999997, "sensor_9_rolling_mean_5": 9070.535520000001, "sensor_11_rolling_mean_5": 47.56442, "sensor_12_rolling_mean_5": 522.9935800000001, "sensor_13_rolling_mean_5": 2392.726, "sensor_14_rolling_mean_5": 8160.2289, "sensor_15_rolling_mean_5": 8.43976, "sensor_17_rolling_mean_5": 392.84911999999997, "sensor_20_rolling_mean_5": 39.14658, "sensor_21_rolling_mean_5": 23.47152, "sensor_2_rolling_std_5": 3.1319880659095434, "sensor_3_rolling_std_5": 9.486049601651732, "sensor_4_rolling_std_5": 7.248480903265182, "sensor_7_rolling_std_5": 2.790184665035121, "sensor_8_rolling_std_5": 12.362750156956881, "sensor_9_rolling_std_5": 51.559893031744316, "sensor_11_rolling_std_5": 0.27167042533187397, "sensor_12_rolling_std_5": 3.101146519111974, "sensor_13_rolling_std_5": 13.684778957659663, "sensor_14_rolling_std_5": 37.386335180829626, "sensor_15_rolling_std_5": 0.046386204845837435, "sensor_17_rolling_std_5": 2.0519853159806107, "sensor_20_rolling_std_5": 0.1964342638136223, "sensor_21_rolling_std_5": 0.13993643199681946, "sensor_2_rolling_mean_10": 643.0283400000001, "sensor_3_rolling_mean_10": 1592.44011, "sensor_4_rolling_mean_10": 1402.36679, "sensor_7_rolling_mean_10": 554.9913899999999, "sensor_8_rolling_mean_10": 2390.4577, "sensor_9_rolling_mean_10": 9061.4182, "sensor_11_rolling_mean_10": 47.53566, "sensor_12_rolling_mean_10": 522.6300699999999, "sensor_13_rolling_mean_10": 2390.81662, "sensor_14_rolling_mean_10": 8156.6682, "sensor_15_rolling_mean_10": 8.42989, "sensor_17_rolling_mean_10": 392.46093, "sensor_20_rolling_mean_10": 39.10206, "sensor_21_rolling_mean_10": 23.44989, "sensor_2_rolling_std_10": 3.1319880659095434, "sensor_3_rolling_std_10": 9.486049601651732, "sensor_4_rolling_std_10": 7.248480903265182, "sensor_7_rolling_std_10": 2.4676612449848556, "sensor_8_rolling_std_10": 12.362750156956881, "sensor_9_rolling_std_10": 51.559893031744316, "sensor_11_rolling_std_10": 0.27167042533187397, "sensor_12_rolling_std_10": 2.3318260323189324, "sensor_13_rolling_std_10": 13.684778957659663, "sensor_14_rolling_std_10": 37.386335180829626, "sensor_15_rolling_std_10": 0.046386204845837435, "sensor_17_rolling_std_10": 1.9873236085248251, "sensor_20_rolling_std_10": 0.1964342638136223, "sensor_21_rolling_std_10": 0.13993643199681946, "sensor_2_rolling_mean_20": 642.501855, "sensor_3_rolling_mean_20": 1590.810585, "sensor_4_rolling_mean_20": 1401.21477, "sensor_7_rolling_mean_20": 554.64077, "sensor_8_rolling_mean_20": 2388.9275150000003, "sensor_9_rolling_mean_20": 9052.52942, "sensor_11_rolling_mean_20": 47.504745, "sensor_12_rolling_mean_20": 522.0957500000001, "sensor_13_rolling_mean_20": 2388.84755, "sensor_14_rolling_mean_20": 8147.5883650000005, "sensor_15_rolling_mean_20": 8.4234, "sensor_17_rolling_mean_20": 392.34180499999997, "sensor_20_rolling_mean_20": 39.08253, "sensor_21_rolling_mean_20": 23.4294, "sensor_2_rolling_std_20": 3.1319880659095434, "sensor_3_rolling_std_20": 9.486049601651732, "sensor_4_rolling_std_20": 7.248480903265182, "sensor_7_rolling_std_20": 2.4676612449848556, "sensor_8_rolling_std_20": 12.362750156956881, "sensor_9_rolling_std_20": 51.559893031744316, "sensor_11_rolling_std_20": 0.27167042533187397, "sensor_12_rolling_std_20": 2.3318260323189324, "sensor_13_rolling_std_20": 13.684778957659663, "sensor_14_rolling_std_20": 37.386335180829626, "sensor_15_rolling_std_20": 0.046386204845837435, "sensor_17_rolling_std_20": 1.9873236085248251, "sensor_20_rolling_std_20": 0.1964342638136223, "sensor_21_rolling_std_20": 0.13993643199681946}, "feature_range": [0.0, 1.0]}